hardware_id,code_id,so,reps_per_iter,level,iter,total,mean,median,n
-1,5,-1,100,3,1,0.223000,0.002230,0.002000,30000
-1,5,-1,100,3,2,0.234000,0.002340,0.002000,30000
